x1,x2,x3,y
-2.50919762305275,3.9632342803949037,-6.297341423227607,17.94999062447974
9.014286128198322,0.7219273268824082,0.8380189475671624,82.90891125815529
4.639878836228101,-3.8094476742734447,7.458916717528165,9.038203763342564
1.973169683940732,6.275900394138972,4.644497728191224,23.554256183351164
-6.87962719115127,3.694623451077586,6.131222957228996,58.66677584403649
-6.880109593275947,-6.747661213102174,3.1756673342143475,27.370967703895513
-8.83832775663601,8.21854368987685,3.8455312903570498,103.55732100339043
7.323522915498703,6.450744858463381,6.983913031306386,72.39783927051174
2.0223002348641756,8.99599826583848,-5.006639822816281,30.18014878785027
4.161451555920909,4.5143901677672,-0.21150072713719048,31.15611853354131
-9.588310114083951,2.268303918715798,-5.5758111636079555,98.16665528230318
9.398197043239886,-1.6351392741876225,9.753360159932939,83.7715103869263
6.648852816008436,8.654569667080267,8.881186793732265,69.66416003567166
-5.753217786434477,7.321277790008168,-9.211463772629882,55.26878908290615
-6.363500655857988,-9.095626597876212,4.111503450313769,13.956699628076237
-6.331909802931324,-9.47266051005496,8.504966348313317,10.851545237658469
-3.9151551408092455,-2.4707326624390085,-6.388493097453329,7.852059366866226
0.49512863264475726,6.211066615636657,1.3589046110525889,17.890883428994535
-1.3610996271576852,9.74552258629889,8.309765951760838,30.09238476941021
-4.175417196039161,-6.991662177929436,-9.321080428284024,-3.547724918490344
2.23705789444759,1.8826143070427026,3.9484053449367984,11.392346214132688
-7.210122786959163,-2.3821828673795693,-4.053019852548985,44.18814335690476
-4.157107029295637,9.398287956292066,8.487923907530607,44.762535716947426
-2.672763134126166,6.842378462714173,9.421164903307357,27.51013504932302
-0.8786003156592805,6.766574094222758,8.885329782268677,20.459035372380196
5.703519227860273,-0.6261368041005948,-0.5157156668507241,31.238955851570587
-6.006524356832806,-1.703609953246696,7.240853019786268,30.051404522073163
0.28468876827223255,-4.531858561385875,6.890987970701406,-14.108056340454025
1.8482913772408498,-8.872490066981458,-3.6179905351348873,-23.60486510168064
-9.070991745600045,7.294447525101063,6.578309483013548,103.77854071897522
2.1508970380287664,6.258020182601552,-9.259847305690148,23.575140094113088
-6.58951752625417,9.994353465722611,1.92539756964106,72.33361405807277
-8.69896814029441,9.93273674147811,-5.3998232542459395,104.63724351114024
8.977710745066666,1.108634112052549,-7.588662284454424,84.92217956272897
9.312640661491187,5.37974830361021,-8.460935967415818,103.52661060439098
6.167946962329221,8.89531459764856,3.925775517562794,65.47980790960031
-3.9077246165325867,6.992947813548231,-3.2025007246386767,36.186320920763556
-8.046557719872322,-5.053037965136047,4.4953354305752296,50.619762454227846
3.6846605302431374,-0.9891172937981292,-8.692873184021153,11.300050570404752
-1.196950125207973,-7.4168116969701,-3.6941932433877938,-21.206233971200323
-7.5592353031044235,9.081020545174447,0.7898258475067443,83.68739176825889
-0.09646179777459629,2.123492689017601,5.814463296779271,6.788588892219797
-9.312229577695632,-5.427143889930745,-3.6249499413586017,69.98366332350992
8.186408041575643,3.434013688117135,2.517827528740181,76.7895521015508
-4.824400367999662,2.3625648091579166,7.719554964723741,29.376441012156086
3.2504456870796403,-2.8367456393431905,2.317263763646091,1.3251271852840985
-3.7657784782117805,-7.72884815600742,-5.340810504927324,-9.884612541672817
0.40136042355621626,3.4314639118559924,-9.51198436886924,10.302095916793933
0.934205586865593,0.40615401807586693,7.401977478018598,1.051368049793871
-6.302910889489459,5.446367834712786,-9.574611782992257,56.09147304067068
9.391692555291172,0.40327002223986774,7.49403345368399,88.35339771912231
5.502656467222291,7.043630006370801,0.5787426805442397,50.79385589246326
8.789978831283783,1.0381367754897113,8.781353970257925,79.70635915073879
7.896547008552975,1.2187594307077259,5.975664715473307,66.40392186554746
1.9579995762217024,7.533072053166901,9.958682210666751,26.912381626259428
8.437484700462335,-1.9303426757520583,-2.985763690965797,65.68009332133222
-8.23014995896161,-7.319695430987185,5.343765778622538,46.51614860087608
-6.080342751617096,-9.42434647373322,-1.9613817278151569,9.650114310868641
-9.09545422178924,5.1027451134723805,-0.40248759392182265,98.343696496547
-3.4933933847347127,2.406191027069294,2.5501092643674017,19.079292315705324
-2.2264542062103594,4.081595361984471,7.4735422837267755,16.15462299445006
-4.573019364522082,-5.740716769821786,9.681669383985902,3.9754130870160873
6.574750183038589,-7.272570488264605,5.365468277290365,22.267222671274972
-2.864933466128214,-9.709106686642361,-1.6446643566533243,-19.880823387432137
-4.381309806252385,-2.9882488238680605,-1.5728599544585968,11.212598251592546
0.8539216631649698,1.7983537370926612,4.751646031777829,7.110490889039894
-7.181515500504747,-2.155119098005354,-5.224457084633953,44.241455696632585
6.043939615080795,-1.2505015595254179,-7.790517737372107,33.76098803474778
-8.508987126404584,8.083173889874967,-2.9075568471844697,96.98067668394891
9.737738732010346,-3.0348906595339926,-4.255220166918365,85.04263012990762
5.4448953859331475,0.2797897831962164,-4.073837590880198,29.627545915265735
-6.025686369316552,5.673060254822861,-5.327844979001801,52.37458641817411
-9.889557657527952,-2.069144353574597,-9.158136207272761,91.85058275446738
6.309228569096682,2.4417340045574694,-9.642521305331723,47.17351127954546
4.137146876952343,7.247274174934905,9.75444779472063,39.1011700091604
4.580143360819747,8.990412473152844,-1.4445373252827522,49.10490222089846
5.425406933718914,-7.058530381419241,-2.313467056806367,9.163884419831408
-8.519106965318192,8.531752503229889,3.5929456538613973,98.55126561283936
-2.8306854291145473,-0.15767413840923616,-5.634922242698717,6.992853143993635
-7.682618809497406,-4.8351122340208335,8.999223679004508,44.26730904175765
7.262068517511871,-0.8172848752347743,5.726900288311041,50.77590675617517
2.4659625365511584,9.600651505709543,-8.21177995375481,35.7992378627246
-3.3820395029470163,-0.14763812014260758,-1.6483844843014328,11.934100296253447
-8.728832994279527,-3.424967794249836,7.582366151243292,64.85280764729748
-3.780353565686756,2.6680170863345154,8.894640445828205,21.724544600809406
-3.496333559465059,-5.197087624436138,-0.6519697750026054,-2.8825552043200258
4.5921235667612805,-8.482733437826722,2.2682277842141545,-5.1236874772881285
2.751149427104263,-7.4224055617870155,-6.659321078158495,-14.408061702040653
7.744254851526531,-7.439083220844552,9.823372522739533,38.067735598023255
-0.5557014967610137,-6.9619461297541125,-5.3665659723311325,-21.52617280280607
-7.608115081233966,-7.223456547011797,8.854635482702513,35.70638147580604
4.264895744459899,2.817494896064293,2.992932979847369,26.57706057266489
5.215700972337949,-6.3623983120171035,2.154735897577183,7.0826709471610485
1.2255439513899251,-3.086654333522736,0.25377022033017127,-7.971654572338413
5.419343599091221,7.935768198120236,-5.386603765644827,52.51815914963019
-0.12408807271218514,-0.5207671947425538,-6.469439359889835,-1.4826887938748743
0.4546565876398816,3.3511547704205427,-5.590275818596493,9.788655746279371
-1.4491796328290079,-6.553602575967403,-6.271234757114909,-17.53073448437164
-9.491617465118097,-6.1542196238265845,5.591689471335066,72.19533217417147
-7.842171460133911,-9.182627674670423,-2.997494816665398,34.089792953700986
-9.371416286265315,-6.621298738556709,-8.843146468732073,68.5647675750445
2.7282082252756084,-4.4281932193608275,9.382052602816227,-5.876571358740952
-3.712880378473466,-6.459790314465064,7.675717699268514,-6.524167656344262
0.1714138232940563,-8.225949324858888,8.55504566390426,-25.50468892261993
8.151329478521859,-7.587282577987984,9.898156452928706,44.15515646731216
-5.014155417022501,-0.7844246393454846,-6.522095015610255,22.88375262207835
-1.7923415392874062,-5.87332563188415,-2.075159621946825,-13.54312896877882
5.1110227708609735,-2.714602779038491,5.164769514081826,18.787763764828078
-5.424036690167551,0.06834541709713804,3.9204123610758437,30.254097116918594
-8.46040180342414,3.807896572587307,-6.922081873202899,83.72200772893304
-4.204970941724639,-9.213757203178021,6.316662499812356,-9.883830916602442
-6.775574254919912,5.988207978180853,-5.511188563266787,63.236376896872855
8.59395304685146,2.5580077898181557,-5.523647703547539,80.73223485454024
6.162407591288339,-8.364819361022562,0.739488457868271,12.17525832748937
2.6680751302084698,7.471572482135546,1.8587986968340626,28.69583892692414
7.429211803754356,8.417448010636264,1.601724156756223,79.46018197552714
6.073441537982291,-8.778440802902725,-8.170263252044903,11.733701192350642
-6.268598822279284,-4.4624470370559255,7.549217252607608,24.993404186695283
7.851179969799556,6.124025595861227,-4.687999148225879,79.03260603462681
0.786844838313014,4.965193807673167,-7.4097015743439165,16.386714911635888
6.148803103281249,-6.3095796128724535,7.774961597379544,17.895515313644683
7.921825998469863,-5.813013533265794,9.113029964595068,44.994316721616855
-3.6399305005627225,-2.5905579441723603,7.2425523453090115,4.729402696137276
-7.798961509446465,-0.30954029617957346,6.19032149449756,60.08358036776926
-5.441296749161166,2.365095430605919,3.1048396127804345,36.58765289107954
-1.4578442274748742,-2.621727208604552,1.017147412182787,-6.723606739316507
6.360295318449861,-0.7493056773370412,-8.260264801771797,38.94041501703349
7.214611665126867,4.94941876267513,-1.8309357385860263,67.91603102798453
-9.860957389376185,-9.266335942188043,-2.5462296597537204,69.88994547827627
0.21494605155131552,-4.951261113119585,-4.804924324793475,-16.01859225277938
-1.6517799370244202,4.266991717691049,4.468402273771698,16.53859258148235
-5.557843790585395,7.9041367537439875,-0.08248529842458296,54.93372960784828
-7.6026926533263435,0.23354884231332207,-8.379075681847041,59.36625181650766
-3.247696571927441,0.6422697053063136,-5.596335961003773,11.92408711896636
8.858194078250385,-7.856559773204479,3.6651752731919185,55.40609195262314
-3.5359413595848954,-1.0517526635309071,-8.477382810193996,10.14963189254485
0.3758124348673224,0.6523453291004628,7.024138280975375,1.5151872752742737
4.060379177903556,-5.150589927305407,-0.0970694597205135,1.1027989243658562
-2.7274079524141204,-4.615135381012381,-0.38826845346704,-6.0013264498410726
9.435641654419214,-2.454316737907547,1.8481556931903516,80.73877115672465
9.248945898842223,-9.598576044445473,6.493619318502983,56.47157870431861
-4.964354083492717,-3.5584166883364343,-3.043815841956139,14.166386726302957
-0.0550298821522901,-5.7710398600691075,3.560323051181271,-16.920986403126488
-3.982433803664607,-3.4500529564417075,1.3146392799158217,4.4666748270384335
-4.303190112450648,-7.604757363614976,-4.6594345966115736,-5.241774206823485
-9.262261052909345,7.810545614797899,7.57259972710316,108.17059723544085
2.191286679597937,1.8718490710809732,5.948520432138562,10.748555297114915
0.0535804645772302,3.582046382889793,3.1690366931685094,10.77553870986889
-8.970424975000213,5.783424772146766,7.011634581884838,97.26167483228578
-4.427070715267771,-0.031156021418855318,7.345884019196049,18.67928524800842
8.165317719333075,-8.261594238251526,4.167259534300696,42.74018822345025
-5.208762186660552,0.742130836370956,6.740266567273441,28.99804178072644
-7.102102558175538,1.736822360417582,3.949429233385672,56.51214238871971
-0.21094479444873926,4.908789483686601,3.6028154352060078,15.271690639319198
9.713009082212015,-1.3668090754064117,2.372227564303685,89.54747417772604
-5.158894569769991,-7.448393944088725,5.054332791152824,5.079932375585242
3.442710948117572,-4.324481884025511,-6.827897894138526,-0.7095260517350035
5.232392306574351,-2.738354072027298,7.617415183978569,18.160196151953862
-5.247249120152007,2.9183448266320244,7.43687055490464,35.31344347249053
4.5643269722371915,1.4155660933782386,-9.415054339308817,25.07080532756324
-2.644337345614936,-2.878065482043075,6.516335011295254,-1.867054604901712
2.646116611871589,9.730304975859593,-7.422602650531096,37.15420735431734
2.6705942152178945,2.1154963871377426,-3.297622914817162,13.316114818811643
0.71549368149517,-5.25546416528011,4.870165125832155,-14.218231980775135
-8.194204598911835,-7.964350547591925,-6.784802079033836,43.73922856970767
6.70604991178476,-6.94281721631336,6.359340482381242,23.869025528956524
-3.5843987005652833,-5.080845432309838,6.64268355915484,-2.8403603962667345
-6.269629792002915,-6.786372534808887,0.14935467521672408,18.785931345851694
-9.184497168904722,-6.268659518973885,-9.872282565663328,64.99532300352611
1.8178588637648367,-4.298096626123058,-4.259237336501744,-10.42875793295497
3.551287236845649,-6.5325280941049035,2.3385383675148432,-7.552348843705102
-9.668243421442877,7.9353084925285025,9.62372356054847,117.60036835716278
0.24186116598562002,-8.395325086767155,2.636270540333367,-25.632912044302355
-5.470084496041241,0.4902277914050934,-4.803928378716805,30.545767187631
2.9034558081889976,-1.7920634602067693,2.680114061992228,2.6234594783166822
-6.512671419900171,9.647572338172129,0.799707594317109,70.60674510175515
3.81875476204932,-7.759221956638953,5.596907903022872,-8.122456462425074
-2.265293073989252,-2.042888019085167,-7.860387223460831,-0.027378830558823744
8.73459977473469,9.389408665507379,5.220558050040561,105.29627840229142
-7.249581117080135,7.310142517879605,0.825331573522206,73.76912281561411
-3.17867297899483,6.3414414189856,9.259840077179891,28.980152504547508
-7.730529575188219,-4.841943459101204,-3.1625566792262783,45.21459924748247
8.493872365571256,-6.582248252198683,2.652437862678962,51.972936858587936
7.5467870676196185,3.3728643984886197,8.64056211020035,66.48538260119172
-4.841167445696888,8.587519782551716,-7.949805440186415,50.289829409515676
3.19968092068358,1.135257860278596,8.744569744729024,12.866286864677756
6.344444004024318,1.432253789397997,3.7577144460162675,44.87121338423649
1.104016231989247,-4.4004181267943165,-8.643258817896562,-11.184611962256044
0.5930115671201293,5.389858663838737,-3.980728661063675,15.640484681195053
-5.162954181990966,-6.259125028849533,4.163441772905632,8.709318589306253
-8.137944643882015,-3.526415271915127,-8.652987970624565,56.22730508427037
7.944315159066534,-1.491271227671664,1.643409203525465,57.460766776579035
8.008361143266608,0.15220757368910043,-3.0823388609408653,64.70383632014332
2.6620291454653593,-5.151805351698395,2.4183103553495418,-8.9549501339891
-3.219404179025986,-7.703263505215929,-9.085159323749743,-12.469750751620746
-3.015808507746782,2.212400848832651,7.430736123047524,14.561438529986171
4.519113577404788,-4.227388935194885,9.469779383547937,7.73058251045025
7.942205199051543,1.6247644284522451,9.37755710571383,67.94489380164217
7.741728485302346,-6.912745694515953,4.993036634858495,40.00910795350723
5.597510917152476,-0.3771979629036508,-7.398275197387361,31.116820922715608
2.8406329230857548,0.6517886510317172,5.165263918580452,10.922223255727529
-8.317200700099024,-8.963529263551461,-9.50826167082397,42.25978207489285
-6.767425718107725,-3.267914436121588,-9.557528969420055,35.87390413459463
7.971083770541586,-7.311706461220515,-3.5277956170091755,41.12907642989125
2.128581193191799,-8.732500590544646,-0.2271361919066841,-21.321798526679657
-9.816058967667407,9.799204647798906,5.4081483561558645,126.5043418300199
-7.9705691426793575,-3.5529231005055406,3.6659075321301042,53.36909273785039
3.2700353821611152,6.197488917092699,-1.0819458724650328,30.075144637417708
-9.898768323075625,-4.907186904724723,-4.527466674366682,82.2367748354299
-6.783838971650027,3.630054444478585,9.942490003154223,57.31704756086498
0.9746757873317229,5.204557197793731,-1.4763739552805415,17.541915396679347
3.837903953853864,1.9127748121568864,-0.97225951340649,21.465162951927745
3.0392251900520115,-0.5684762289968326,-6.727523576166616,7.82413145519147
-5.514613810788804,-1.7631817170546285,5.8961909749985875,25.337470923786025
4.243584426950717,-3.0226346691400945,3.8736445156297723,9.755619039181827
-5.255018250063999,8.590582884956518,-5.584607744224792,52.722903999647876
-3.4920060368146455,6.612388155754584,-8.352379087683147,32.842713090844455
4.929828102360483,9.300538213330253,3.6099860414942615,52.76026352465755
2.992657980944294,-7.514055530289106,3.090224285622705,-13.698072133847791
6.984468209883559,4.617349504072886,-4.534809460035813,61.8331715106748
3.152257846006867,8.766809136420758,9.017271245008207,35.9086280756172
1.3661720667094315,-6.3753386766867965,-6.978842164381995,-16.667491252067904
-8.12650464343815,-8.67007465266445,-1.3533039791479613,41.22202620756363
-2.645683938811329,4.822412985801181,8.872318403351976,20.881528490336326
-4.695952646365491,1.489462263598238,-1.6054536614775543,27.593967079589785
-5.1202071324183285,6.836575535165441,2.7705189532817105,46.39356067891462
9.460211095048912,-7.20455246747421,-2.0481120407441145,68.90034196252299
-2.138045506664792,5.905346237197804,-4.515695953026599,21.46271020818264
7.8409311035422675,-5.967453599045109,9.679552959196563,43.83306786475549
2.622772519945258,-6.72688114268591,-1.8133198736991396,-12.406314494829514
5.896226070832968,-6.714684041380141,7.881984073582689,13.66781901121696
0.0527418621038418,6.291494404627642,-5.400907882178276,18.037305438117055
1.5380776925271817,3.303944413924002,-5.737905919498334,11.960197972475257
-0.14964612362272156,0.4613084953823865,-9.377318342309772,1.4674147855742847
-6.09514024403911,-2.8233903175299506,3.033336507517701,28.5359866662333
4.4490423052301065,7.5440108162621655,-2.629473125524777,42.934503868532516
-4.384552751182884,-2.1510978515472923,7.28716499679274,11.79268209327414
-9.513680671370924,6.331988789431541,-0.5358018661688568,109.91945557701382
2.9094459181433567,-1.217301828595632,9.363868558294435,4.872139708008256
-6.457786411859021,-2.4611114115018484,-6.289489685937577,34.260286015784935
8.809171687058285,-0.7464042866078717,7.372463359112217,74.37130906097478
9.078571540051747,-3.972442516717159,5.531937055834835,71.23935049329815
8.29728780440897,4.952187603525022,5.41843689288104,84.58105018620289
-2.5968259948911125,0.05440780184958349,6.895664562337753,6.403726170385736
-9.690867669422651,-5.355746097063654,5.220479818859978,78.81895758941563
8.566371251754507,7.991491465491368,2.5244064326283073,96.70276852121387
-1.4363170336537134,-2.3221755725357713,-7.3751024463522485,-4.158189229761527
9.333096380873393,0.8710572222797719,-9.349476410174962,89.94522349344913
9.272399541785056,8.12944221929094,8.416956956313737,109.48778102347845
7.060189109347203,2.484759918279842,2.3330062904147617,56.552154962316095
-4.111022158608286,-7.662039185832718,5.930745819523526,-5.607606581734017
-2.298045427961495,8.796642472269504,-0.3695529697489981,32.08776182404293
7.022733430337137,2.5541610614283563,-7.65383622075211,58.006894473400045
-3.661559896874447,-3.3018877068582775,-7.496284155948992,4.654563453561199
-6.61014506627815,-7.214558546732254,3.711305744579427,22.525380811557884
1.1360252491670035,5.880503785405919,-1.3938821020107461,20.009240188622428
8.72309548321562,2.4014551185702704,-5.989505465993266,83.01298501114131
3.9205959334994596,0.6692218395264309,-0.16810906517126156,17.572915591386295
1.4012234017872984,7.877851661019154,-8.715821258497318,26.40087106660721
-8.05647012458463,5.771944224490614,1.639428038287976,81.27568134902198
2.3001445339833957,-6.9665024053449764,-4.620131911298047,-16.55076006513533
9.801077002085265,-3.765558644089035,5.951182012743763,85.19762278053595
-7.19831969526952,-5.030217203710685,-3.7927608215285247,36.08254359904777
0.3665930472747352,4.878925851453539,-0.8955970183639756,15.467829438260138
7.5474614385591074,-9.329351305284412,-9.767589201837987,28.535503249784245
4.815372355084088,1.39779369742633,-8.551062244108822,27.95127599933944
3.9403148199053604,5.249173714813811,-2.150128871866304,32.316050982246495
4.049681679742186,7.535312735234989,-0.4012233056575294,39.2860838661471
-2.8101769756048967,-3.158365025681851,2.0004109623860735,-2.5092521345321805
-4.128163114710133,6.425146093440258,-4.166748425813935,35.43469261169304
6.187223109570272,-7.7873652608958555,3.8996377225308514,15.637877819832635
6.202267893583617,6.929045834690363,7.20244794378409,58.54168355492029
7.341446371602075,-7.450226753360352,5.597019777866997,32.26577710554584
8.264811051129428,-2.0542541887926546,-9.207623493032857,62.30148319627881
0.22684797721875682,5.9459073155910716,-0.38986105484342204,18.252529679982334
0.030325893743992083,-7.001651453024524,-7.901396431636503,-19.976900575134607
5.965903579335503,-5.414972095347171,-5.159099682749451,18.420347159572653
2.999278615555303,4.445051367861325,9.733251865342929,22.79516580477971
4.039337545154067,4.400730730921488,-7.150089141969735,30.329866278795922
5.91585338872202,2.8229526577059456,-0.02223693097287871,43.56190216697114
7.8001068363513255,3.8789688893420013,2.3631146863623815,71.84266488207525
-3.240096862969284,0.8544888669519235,4.049299410882078,13.967135865002659
-2.48834094720112,-4.964018821860945,1.192973669738283,-9.611583694883574
-8.12036120318262,-3.086080129921611,-9.804583051616326,56.181603028462085
1.5656028199234804,-6.368045663971486,-3.4707738351201627,-16.936324289894802
-9.281154524065158,8.169011226672566,0.354232867694229,110.23485632609736
-0.6880396373507978,1.6678358953224084,-8.242670017103332,6.349451486033529
0.8528926941515316,-1.9829716647272022,-2.987461375816385,-5.009330911000503
-4.269174957434312,-0.7598839271173468,-9.33593782417267,16.158754662850132
1.816665211380215,8.945666792236306,-8.428430056899586,30.978892166173377
-9.389995001219011,-6.932971937678396,-2.061534475968079,68.28595883729837
-9.253036225015713,1.7245966403359443,-7.345684919138793,91.83626554323595
6.452011213193167,0.11777357768932006,1.3508169652311626,41.02994279314625
-2.7961871717747417,2.229084708692957,3.7892993827453143,15.36944431730126
-7.458789746962305,-9.63779632358319,6.011733982181656,27.044836383281485
0.4448652010960874,7.442478178883029,-5.996995115103799,22.066963874297482
5.399871061972217,8.642365649672247,-6.650348354818605,55.52000760910717
-5.683579450063137,1.3026636717841793,-7.908643193311995,37.24768864792679
2.4578095163800047,3.9330164775378442,2.728604990872734,17.567504734250186
-8.29305070012464,8.449987623545915,4.129514529738023,95.02685484930753
-8.966365576627846,4.144772686267972,-9.36827710348716,92.87265491450005
0.6270926313629595,-6.949219141714773,8.724244924873798,-21.221467364502296
0.8127024322021299,1.5257672033362635,-8.960574326970551,5.664595377628923
2.748598029964132,2.1343009276571188,0.8259267060214093,13.137465578299583
4.52182667445323,-1.5173865739522796,4.181210389018329,16.698915061127874
9.517041589250692,4.728884712494457,7.419382474921711,103.91255370146847
0.3260069660239058,8.687340295380295,4.2817386426485555,27.243986329133616
-3.5408705411750807,8.511370258135528,6.034561661395838,38.35741227539423
5.903723895374073,-0.9832125719173579,-3.210996149143879,31.715382019532527
-4.583354974758516,-7.735239083184895,6.296502274930244,-2.1674307322343935
-1.2205715858872779,9.696823979246691,-8.397703072306497,31.555719503831753
-8.430872373154681,6.777961728918683,7.896333121210553,90.35341255894159
-9.49298513169085,-7.506746375934663,0.9518475230747256,66.76863707715634
9.252968293558503,8.416837652347446,6.345955399249874,110.8066751378349
6.719602410244118,7.3979272412425665,-0.9536343096339976,68.08387258889559
3.9194841218739604,0.3767611425214419,2.871553903930499,16.29069847028836
-1.8209411117146033,1.8255087148985858,0.5280532187222633,8.276405174527326
-6.534113598583085,-2.019945922597395,4.6317904351066375,37.67350969097435
-6.871259146578279,-8.904767223559373,-8.367400359388208,21.28222183773796
-4.995142036708094,-3.296055167081981,-8.792958320188724,15.610146737029355
0.984533294122409,6.057068971960227,-5.057935319797071,18.271860316906466
4.291918454001246,-9.907359539907944,-6.809106397736233,-10.836788085480896
3.2039475343546258,-3.3300165661771164,7.435671331844034,-0.46585013899403005
-4.401322061081143,-2.0366261281811333,-5.615720252839114,12.602796833631137
9.097305613263881,0.7479120587584571,9.517305116382627,85.11956925702657
4.757938333915369,8.397112328255211,-3.262084164577863,47.80237308813168
1.0870810502280133,-3.073080112680775,-6.357641686226014,-8.104944098079296
2.2344149246870444,-3.0609359620754457,5.793970142849583,-3.8963454547632095
-1.6079987514442013,4.750024962194967,3.1741555100175223,16.715726341892356
-5.045380209976851,-0.9556411822038573,-0.03608567093722037,22.751274166757323
-2.8805464269747683,-5.507903541200361,1.1072710187526251,-9.175830599195194
5.156922209287382,-0.9512096773461316,4.384035565445277,24.94261219439196
-9.712130227404883,-7.182859592404003,-5.4309051733740255,71.96768671623191
-7.678547189861675,-6.472260269875534,9.926678321134837,40.04285366265304
-9.079947159564945,-0.03264454521040605,9.495863242935663,82.57274321036196
-9.185423953620598,-1.6214910099090414,3.0065137269387385,79.57348094772419
7.109211680220145,8.296918021362,-6.009150981417097,75.3671777146589
4.073157187600474,-2.7521220176673378,3.6045648486258273,8.901689429883474
-0.5165234182534952,1.6117670055608695,-8.556031820416482,5.968023525293279
-8.04331678697997,2.6452857583906066,-9.386949955883878,72.72787388962261
-0.1676824976633533,-9.738110868233328,-4.846342229775726,-30.099420747870802
-0.5305645843886868,3.270747440334212,-0.7475408652136739,10.718459906813
-6.535962601799696,-6.439280662604972,7.365450108167611,22.436122246972342
-1.3229670152405397,9.221406349389103,4.543381395326161,30.399875506468742
-2.0299053120525308,-7.026745444937741,4.854130423999621,-15.986767732774114
2.3170019610443298,-1.7075175254595258,-1.490133311038493,1.197371208685227
2.7018730173528756,-8.293006638427123,-3.0813001490607412,-17.44900738654728
-9.09391980455911,9.937485036918947,-2.5792247403079465,113.14055397685951
-2.5077477074705756,0.04390020662485128,9.752991274721158,6.751692104253063
2.5171983142847267,1.9077003464008762,-9.19781617175035,12.432159672700951
0.06272517160175362,-8.65847045223145,7.340629922448972,-26.956749200171387
7.129796823766444,4.999209407983557,1.5735081714478678,64.81226870326122
3.1738726323789006,-5.801888138088285,-1.2276916162081903,-6.462164417184993
-6.741311458371406,7.961085788814273,4.50515320830273,70.1204872916272
-8.588625051991404,-5.897207190359857,-0.26662117150594256,56.32806414778321
2.8483855641263123,-6.186245586726669,7.468464761633211,-11.384215381846344
-9.469773789167563,-9.269006643038102,8.014037280225171,61.0337222468286
1.715511625469265,-0.5586610978000159,-1.5655814625308917,2.330064414801799
8.804604828499151,1.2968226652523285,-4.463444055298968,80.3399425872697
1.50948355751758,-8.685827211432953,1.8470065718672437,-24.555627621786908
-2.236601475869562,5.510552333900211,8.24726691233382,20.732491487075812
2.8657643688470635,-0.9342233050394473,-5.786756219886668,4.991856555113863
-0.8349421901696665,0.4878053865516012,2.4593316712696556,1.5073467172120396
0.9123357863186996,-1.1847450612354375,2.631204401850411,-3.3063385750346495
8.829296175530502,-1.98473878249348,4.66226044830562,72.96377775836851
-2.2779472439845154,1.1928066261643586,-7.368646297454804,9.760856949521795
9.223811276478283,-6.89519508138575,4.316499293641771,65.5042216908928
8.107012839121275,-6.3614373900945775,8.180650413312819,45.8465528049831
-6.084177304214071,7.235712420270346,-6.406337822595161,58.798307239509306
-8.612773982496691,8.922309242672654,-5.249133501522447,99.97546376605591
-7.984439972451467,-2.533813674404941,9.427901880832792,56.1670531901395
-9.635563486969005,-4.585106537128924,-6.380460945810205,79.00904246206827
-8.111140784881432,2.8799908647803143,7.0877018673915835,73.74239871669687
3.6601354683271374,-1.8253165780380716,-0.1544428710393042,8.059711279285331
-8.57622703079542,-9.492272886793103,-5.055378511936459,44.086494289187556
-3.6204873941247744,-6.876948052676193,7.4149980254502275,-8.587569610798212
6.89750621938909,4.3194445769479515,-1.0938948999466902,61.473707306972315
-9.534561285283482,3.178478838203027,0.29634707859380427,100.09799685984245
6.289369651778717,-9.45808014993033,-2.8153326120046867,11.385441094733578
-4.362904504532001,-5.560556761341012,1.859017028698549,1.1072880576729867
-7.636703447566875,-5.378504068238572,-6.729522548299545,42.61264035402196
3.9347433072830125,3.4378548719745687,-2.1783692669647863,26.794030655763894
2.5788569355976794,-9.605789244912717,9.38824644670575,-22.037262108077652
7.549440270541059,-7.917828360308523,-4.837331345977449,32.20264884074709
4.701420876077716,5.998321707463788,3.134733290825844,40.03124286140029
6.06961860769697,-6.429106758913328,-3.496198715506102,17.252606228155265
-4.35930854857387,3.0549221570374936,5.469462513732013,28.79534795854086
-6.451209124405544,-5.23634437906547,-7.3825267856330035,26.830153683626197
5.012295032817168,-8.011172144813097,9.396420901570895,1.1378398304778847
6.136694785345281,-5.136556180010919,-0.924209172327215,23.170192236905912
9.810102840013467,4.445338637113183,-5.278990733070721,108.72038832170617
-1.7476464617714704,7.113929362125717,-8.530065053399747,25.155718333879
-2.559638284144336,6.604397291339833,-6.604841898249186,26.593280384183174
5.528259214839936,-2.056329407630903,0.3954789711203528,23.924723454816178
-3.183929194939643,3.3617027314129224,-3.2599364713742744,20.081797651584758
8.615146512071295,-5.900314091683581,6.577667317652189,56.26629950243344
7.168255036860238,-4.137045394779735,-1.3822495267638821,40.04638019962403
-1.420119452499634,7.926716370422394,-5.025714548247402,24.7652566631238
5.017421355829947,-9.73996152978528,2.3428997320806015,-4.612543498541174
5.0908574816936465,-8.28982938291064,4.135544337708916,1.8584170844439236
-7.937522623281348,-5.842274897079454,-6.659161841981003,45.84248500180498
8.051058133591333,-9.469355922523606,-6.647615674233647,36.69316526390555
0.10504744895714246,-6.371291298204054,-9.266571461329141,-19.187715595463853
6.529149322154833,1.6608312193938435,4.728040301312809,48.70056658938944
-3.599007979387765,-1.5715089881500415,3.276090552436102,8.4461086223171
7.9104645699240095,7.853434221539498,-0.5073824850037223,86.5935107762404
-2.215966425316738,6.3488712347688185,6.883408979383944,23.39899291025449
-9.783246970394032,-3.1636529660424806,6.113403059001065,86.44152403954648
8.107639528385274,-4.81153133137415,1.7070872879350425,50.1522433877412
-8.174266464277329,-2.4061518366546615,7.365425610265174,58.664259940173736
-3.6137272481917027,1.8058988502961544,-5.8831757992646345,18.166720543513176
9.001239341016099,-4.638727183542475,-7.7616076120454425,67.97643573429367
9.012142938751122,2.4829781569826803,-4.605007769660208,87.70277043708339
1.4687577624657226,-1.811766956175191,-8.858262878213703,-2.877014861724478
2.6367442433959845,1.0409436170396056,0.6233905600206402,9.53810273519412
-1.031089560433605,-1.2774694172936663,8.732113845899228,-3.4114163273315743
-4.135784566038709,-4.110684809161647,-9.213129186629807,4.821218535459409
-3.4267090926016808,8.969066139243132,-7.557801719799464,39.72246598679568
3.450369121540769,5.272115883195216,-0.956019434331294,28.464837717153873
5.0474905887536,-7.1977364846709495,8.677500350558098,3.1232822516124648
5.83158087451697,7.369359517958255,-3.67687790046499,55.62538456200808
5.792362855891078,-0.25137603500972716,0.14469617376784782,32.76801129902533
-8.175877939026194,7.891044537881829,-9.168542818992158,90.66997192288648
-0.11159390594837149,5.997105118946305,-7.033135980758223,18.691539209269173
-8.848824799667113,-1.4957299106153314,9.732602459176938,74.16037836637909
0.9905776464747102,-9.550613833597652,9.302373928720911,-27.723385469209386
-1.1693899725324606,-4.626452812301078,-9.901200381311808,-12.952844305842076
7.754083655165996,0.8326842932173388,9.03623570846478,62.20832369946142
-2.9816997489584267,2.6695643965229454,2.782398756310007,16.46494787051549
-7.658659671447882,-4.842246291335954,7.358365890400442,43.25726743200674
-7.140166358943283,-7.212878518543517,-0.9052028873228188,30.022676635895824
5.230212634349446,6.698604735985981,0.31192057158500575,46.85191626262301
2.364361266325222,9.688043614071042,-0.22306839486159546,34.919214050108664
-7.977546477544195,0.5138036460537165,3.337285150922087,65.46749808498907
-8.317863877700052,-6.5664142830339305,-7.206974904873742,50.04921511167061
4.019382629182399,-4.553853469612621,-9.400528202546441,2.41715062207566
-8.544739872716129,-9.632186469050666,-3.8414011681761817,43.533864292028014
6.437201185807126,8.285976131209981,4.093615254732935,67.31582740022026
4.1248445431299245,-7.644978342197177,-5.962930957541033,-6.233321138959039
-8.373024387162005,1.5303295102850711,3.4686486664983462,74.9469821164635
-8.30324571829616,-4.51889558625588,9.398240922145408,55.342379131419314
9.732791570023508,1.0835600503158673,-8.121985684211632,99.07970089720123
-2.514584084877594,3.028407767037285,3.4520423645025247,15.64924688349952
-2.587157058662182,6.594836074144034,-1.1249956139085775,27.300236370863427
6.255991345150051,-5.871574564787936,7.362845087550106,20.59263226332675
8.944971547677174,-9.780083426830391,-6.457004211052282,50.7498778071602
9.720021276457416,-7.2622873986238545,3.852519044523291,73.35675448129814
5.0675637051788325,8.0003728369621,6.762305792962206,49.382789390385874
-2.4748082893816843,7.477801551250305,8.892284389480466,28.08270541201717
-8.329985666026625,1.9482620434061655,3.664960565792917,75.70801202932716
5.542938318548735,2.010337208673068,-0.05650471983145344,36.7824703591064
1.1680849947161,3.3007334909251096,2.356944804024277,10.403727916589066
-1.5155598150604739,-6.492574427531008,7.378099689574363,-17.981379780587734
8.12708770189472,8.288238918499196,1.4121949327765932,89.9190384089418
-7.776050353876974,-1.6245895021585373,-9.392258806063262,55.60765603172849
-0.14749791418281788,-2.337229435010051,8.618973910139555,-7.392009620013931
-9.772927104651618,0.37835410565675076,3.790535020631223,97.27938590359403
-0.626787160117475,-9.0606806644989,3.5302677155449302,-26.485396319840717
-8.873934486363254,-6.674332624878412,-5.6864969520456565,58.119173470284125
-7.623641674638561,4.760672328527409,3.177709404653143,72.55288283946287
-7.649475064457903,-8.344026641497472,-2.1227118869168304,34.34523759807072
2.984206042321272,2.0630421893277635,3.024659540829841,14.834117656247297
4.920897585308467,-5.093017806373581,-7.868139393840186,10.028002300023301
1.667375301943192,-2.214087719160469,3.156906092060721,-3.9136243285309984
9.243450969490837,-4.226125264586003,9.98827451541333,73.4844852278124
-2.5025884095259183,-2.8865456707010173,-9.03575922278888,-1.9094028039382156
-4.285758274362785,4.380918103684909,9.543483684426345,31.584173246407047
7.3719825637892065,-4.057565687536499,-1.8618407855425883,43.25947618196892
-5.528083229610948,1.3280928059379438,7.415069006745185,33.64555387914728
9.264450788812226,-0.4789919560180067,5.64770968116547,85.07191027807079
-9.756910506203674,3.273423307252962,1.340325219733355,104.09248694441649
9.39757653415278,8.73659478649516,4.768984185026531,115.43799232807713
-9.136801760988478,4.651441944205006,7.570311226026959,96.41108263997744
7.822862273961423,-5.701192428184864,-1.917193566979341,45.13719494672367
0.5540221817259976,-9.376337298774306,-3.459336768735226,-28.16797324790156
9.859295922386007,-4.754719114003498,3.3518677112716944,83.1099228037159
-8.524068705292024,1.901558614005097,6.15691883882517,78.39484209662986
1.0770856880264148,-8.971483730314993,5.245702695532316,-24.850850562056067
9.38605071238198,-0.07267505597527268,5.95627297717269,88.40729572122049
0.46195688340297636,1.9368569783377847,-1.2883337037413405,6.877593770754038
2.5879727627052507,-3.315122183660783,6.356684323500431,-3.3187744440980675
3.9149737796923425,5.418244074916439,-7.595818892587831,32.68983464626297
-0.9091787046445354,-7.868034937324564,0.8897819592169913,-23.56239752568426
2.551161601681269,-8.497244365283825,-9.884826790037568,-19.382062258357525
1.6862862384620048,4.563775124072066,-3.5082834019945945,16.07011914563722
8.023160209819778,-0.09017367587603076,-2.670769302572042,64.59702963997428
-9.091072393170842,3.7680479285547204,-2.076546167814892,94.80783806679392
-4.380736208155394,-1.3034532279250755,3.9093441337972443,16.073582285100244
9.008229681531176,-5.071959335217864,-2.2288379745930857,66.84225400932284
7.805275677818326,6.382046353483993,-1.026127547549386,81.18272278609783
-0.8868649442857404,5.988317579379585,-5.24911738251345,17.950059350459146
2.4026519560307342,3.893929417088536,-2.5349641674131984,18.0572050595362
-4.452376340377347,-4.5570972554007465,-5.454607454736971,5.434830888022035
-6.237576805524774,1.804613337381742,-8.536081524631127,45.06213839644135
-0.7260319012003578,-2.7805220611994645,2.0689718676275586,-8.659051270832952
-2.9329554394789437,-8.168358533467316,3.3642559711003255,-15.711560160652573
1.6731222370174414,8.346271509244858,2.3898069201922905,27.172054371604606
-8.445307260700304,-7.263627381620772,-0.7301191239885529,50.33105073475459
9.48789615332333,9.004747076416049,-2.404284396415404,117.60605809278333
9.724214889592059,-1.0798845408408848,7.266672991436504,90.60225441828916
